,Accuracy,Precision,Recall,F1,ROC-AUC
QSVM PQK (6 qubit: PCA5 + MI1),0.49333333333333335,0.49333333333333335,1.0,0.6607142857142857,0.43100995732574676
SVM Lineare,0.6266666666666667,0.6216216216216216,0.6216216216216216,0.6216216216216216,0.6834992887624467
SVM RBF,0.64,0.631578947368421,0.6486486486486487,0.64,0.6792318634423897
