,Accuracy,Precision,Recall,F1,ROC-AUC
QSVM (ZZ-Feature Map),0.52,0.5128205128205128,0.5405405405405406,0.5263157894736842,0.585348506401138
SVM Lineare,0.6133333333333333,0.6111111111111112,0.5945945945945946,0.6027397260273972,0.7091038406827881
SVM RBF,0.6933333333333334,0.6842105263157895,0.7027027027027027,0.6933333333333334,0.7119487908961594
