,Accuracy,Precision,Recall,F1,ROC-AUC
QSVM (6 qubit: PCA5 + MI1),0.6133333333333333,0.5869565217391305,0.7297297297297297,0.6506024096385542,0.6849217638691323
SVM Lineare,0.7333333333333333,0.717948717948718,0.7567567567567568,0.7368421052631579,0.789118065433855
SVM RBF,0.7066666666666667,0.7027027027027027,0.7027027027027027,0.7027027027027027,0.7937411095305833
