,Accuracy,Precision,Recall,F1,ROC-AUC
QSVM (8 qubit: PCA7 + MI1),0.5733333333333334,0.5581395348837209,0.6486486486486487,0.6,0.6116642958748222
SVM Lineare,0.7333333333333333,0.7741935483870968,0.6486486486486487,0.7058823529411765,0.7325746799431011
SVM RBF,0.68,0.696969696969697,0.6216216216216216,0.6571428571428571,0.7361308677098151
