,Accuracy,Precision,Recall,F1,ROC-AUC
QSVM (5 qubit: PCA4 + MI1),0.56,0.5476190476190477,0.6216216216216216,0.5822784810126582,0.5825035561877667
SVM Lineare,0.64,0.6470588235294118,0.5945945945945946,0.6197183098591549,0.7147937411095305
SVM RBF,0.64,0.631578947368421,0.6486486486486487,0.64,0.709815078236131
