,Accuracy,Precision,Recall,F1,ROC-AUC
"QSVM (6 qubit: PauliMap X,Y,ZZ)",0.56,0.5625,0.4864864864864865,0.5217391304347826,0.5195590327169275
SVM Lineare,0.6266666666666667,0.6216216216216216,0.6216216216216216,0.6216216216216216,0.6834992887624467
SVM RBF,0.64,0.631578947368421,0.6486486486486487,0.64,0.6792318634423897
