,Accuracy,Precision,Recall,F1,ROC-AUC
QSVM (6 qubit: PCA5 + MI1),0.56,0.5526315789473685,0.5675675675675675,0.56,0.5391180654338549
SVM Lineare,0.6266666666666667,0.6216216216216216,0.6216216216216216,0.6216216216216216,0.6834992887624467
SVM RBF,0.64,0.631578947368421,0.6486486486486487,0.64,0.6792318634423897
