,Accuracy,Precision,Recall,F1,ROC-AUC
QSVM (6 qubit: PCA5 + MI1),0.6133333333333333,0.5869565217391305,0.7297297297297297,0.6506024096385542,0.6475817923186344
SVM Lineare,0.6266666666666667,0.6216216216216216,0.6216216216216216,0.6216216216216216,0.6834992887624467
SVM RBF,0.64,0.631578947368421,0.6486486486486487,0.64,0.6792318634423897
