,Accuracy,Precision,Recall,F1,ROC-AUC
QSVM (7 qubit: PCA6 + MI1),0.6,0.5897435897435898,0.6216216216216216,0.6052631578947368,0.364153627311522
SVM Lineare,0.6266666666666667,0.6216216216216216,0.6216216216216216,0.6216216216216216,0.6877667140825036
SVM RBF,0.64,0.6388888888888888,0.6216216216216216,0.6301369863013698,0.6963015647226174
